{
    "roc_auc": 0.981743587277342,
    "threshold": 0.01898989898989899,
    "precision": 0.011101925121058226,
    "recall": 0.9591836734693877
}