{"roc_auc": 0.9714465520310545, "precision": 0.05878510777269758, "recall": 0.9183673469387755}