{
    "logistic_regression": {
        "roc_auc": 0.9714465520310545,
        "precision": 0.05878510777269758,
        "recall": 0.9183673469387755
    },
    "xgb_base": {
        "roc_auc": 0.97771284583051,
        "precision": 0.8469387755102041,
        "recall": 0.8469387755102041
    },
    "xgb_tuned": {
        "roc_auc": 0.979685956754677,
        "precision": 0.8631578947368421,
        "recall": 0.8367346938775511
    },
    "xgb_best_params": {
        "colsample_bytree": 0.8,
        "learning_rate": 0.05,
        "max_depth": 8,
        "n_estimators": 400,
        "subsample": 0.8
    },
    "rf_base": {
        "roc_auc": 0.9665705248756791,
        "precision": 0.9487179487179487,
        "recall": 0.7551020408163265
    },
    "rf_tuned": {
        "roc_auc": 0.981743587277342,
        "precision": 0.8163265306122449,
        "recall": 0.8163265306122449
    },
    "rf_best_params": {
        "max_depth": 10,
        "min_samples_leaf": 1,
        "min_samples_split": 2,
        "n_estimators": 400
    }
}